mean_fit_time,std_fit_time,mean_score_time,std_score_time,param_learning_rate,param_max_depth,param_n_estimators,param_subsample,params,split0_test_score,split1_test_score,split2_test_score,mean_test_score,std_test_score,rank_test_score
2.5514988899230957,0.022779913602001114,0.03049317995707194,0.0005896417581184507,0.01,3,100,0.6,"{'learning_rate': 0.01, 'max_depth': 3, 'n_estimators': 100, 'subsample': 0.6}",0.6722172217221722,0.6741674167416741,0.6722049281776245,0.6728631888804902,0.000922242021100589,88
2.8597416083017984,0.01742766523835141,0.02980939547220866,0.001652669029240254,0.01,3,100,0.8,"{'learning_rate': 0.01, 'max_depth': 3, 'n_estimators': 100, 'subsample': 0.8}",0.6726297629762976,0.6742424242424242,0.6721674230206653,0.6730132034131291,0.0008894483099177437,86
3.102967898050944,0.09050549818171984,0.030325889587402344,0.002448791975986896,0.01,3,100,1.0,"{'learning_rate': 0.01, 'max_depth': 3, 'n_estimators': 100, 'subsample': 1.0}",0.673004800480048,0.6746549654965497,0.6722799384915426,0.6733132348227134,0.0009938266537077402,84
5.041174570719401,0.03563595867505484,0.051466782887776695,0.0002652108042282727,0.01,3,200,0.6,"{'learning_rate': 0.01, 'max_depth': 3, 'n_estimators': 200, 'subsample': 0.6}",0.673079807980798,0.678030303030303,0.672467464276338,0.6745258584291464,0.0024905943300117476,74
5.868078390757243,0.149959951261555,0.050843397776285805,0.0009769340334997729,0.01,3,200,0.8,"{'learning_rate': 0.01, 'max_depth': 3, 'n_estimators': 200, 'subsample': 0.8}",0.6732673267326733,0.6778052805280528,0.6722799384915426,0.6744508485840894,0.0024059501428322153,76
6.2732307116190595,0.19678637443954242,0.055902560551961265,0.0032157633765295553,0.01,3,200,1.0,"{'learning_rate': 0.01, 'max_depth': 3, 'n_estimators': 200, 'subsample': 1.0}",0.6731923192319232,0.6782928292829283,0.6721299178637062,0.6745383554595192,0.0026900098432032097,73
7.641340812047322,0.04085027726765596,0.07544374465942383,0.00041297406078029923,0.01,3,300,0.6,"{'learning_rate': 0.01, 'max_depth': 3, 'n_estimators': 300, 'subsample': 0.6}",0.6731923192319232,0.6788928892889289,0.673367588043356,0.6751509321880693,0.0026469305490914087,67
8.720166762669882,0.16665706929465926,0.0726312796274821,0.0006789631572145729,0.01,3,300,0.8,"{'learning_rate': 0.01, 'max_depth': 3, 'n_estimators': 300, 'subsample': 0.8}",0.673079807980798,0.6788928892889289,0.6730675467876833,0.6750134146858033,0.002743207366257703,70
9.016376813252768,0.0538764809671233,0.07762797673543294,0.0037270940194776177,0.01,3,300,1.0,"{'learning_rate': 0.01, 'max_depth': 3, 'n_estimators': 300, 'subsample': 1.0}",0.6729297929792979,0.6788928892889289,0.6734425983572742,0.6750884268751669,0.0026982948976734217,69
3.756123145421346,0.06167138181636893,0.05868204434712728,0.0032664308993966187,0.01,5,100,0.6,"{'learning_rate': 0.01, 'max_depth': 5, 'n_estimators': 100, 'subsample': 0.6}",0.6729672967296729,0.6766801680168016,0.6735926189851105,0.6744133612438618,0.0016230766443540163,78
4.398852825164795,0.0363280691121739,0.06252360343933105,0.005277404962152596,0.01,5,100,0.8,"{'learning_rate': 0.01, 'max_depth': 5, 'n_estimators': 100, 'subsample': 0.8}",0.6729672967296729,0.6767176717671767,0.6734801035142332,0.6743883573370276,0.001660325667943559,79
4.863697052001953,0.07782029150680533,0.05730557441711426,0.002680890486848261,0.01,5,100,1.0,"{'learning_rate': 0.01, 'max_depth': 5, 'n_estimators': 100, 'subsample': 1.0}",0.6727422742274227,0.6764176417641764,0.6732925777294378,0.6741508312403456,0.0016185448092437631,81
7.241528193155925,0.04973022350360983,0.10756365458170573,0.0008455637697910369,0.01,5,200,0.6,"{'learning_rate': 0.01, 'max_depth': 5, 'n_estimators': 200, 'subsample': 0.6}",0.6748049804980498,0.6796054605460546,0.6753178562052282,0.6765760990831109,0.0021522907993778697,51
9.11629311243693,0.013014317281459594,0.12204750378926595,0.018940170861371963,0.01,5,200,0.8,"{'learning_rate': 0.01, 'max_depth': 5, 'n_estimators': 200, 'subsample': 0.8}",0.6737173717371737,0.6798679867986799,0.6751303304204328,0.676238562985429,0.002630418340910157,54
11.242793480555216,0.35933612801311404,0.18860681851704916,0.02626990059174107,0.01,5,200,1.0,"{'learning_rate': 0.01, 'max_depth': 5, 'n_estimators': 200, 'subsample': 1.0}",0.6731923192319232,0.6796429642964297,0.6746427633799648,0.6758260156361059,0.002763182930765124,60
13.497253576914469,0.1629617220910391,0.2585407892862956,0.01098291780528896,0.01,5,300,0.6,"{'learning_rate': 0.01, 'max_depth': 5, 'n_estimators': 300, 'subsample': 0.6}",0.6772427242724273,0.6817806780678067,0.6755053819900236,0.6781762614434191,0.002645556520303144,10
17.804163058598835,0.2056104304534421,0.25669089953104657,0.004727051974781742,0.01,5,300,0.8,"{'learning_rate': 0.01, 'max_depth': 5, 'n_estimators': 300, 'subsample': 0.8}",0.6777677767776777,0.6817806780678067,0.6753553613621873,0.678301272069224,0.0026501115211067924,3
21.321552356084187,0.38219737024721495,0.24749954541524252,0.002279925225024241,0.01,5,300,1.0,"{'learning_rate': 0.01, 'max_depth': 5, 'n_estimators': 300, 'subsample': 1.0}",0.6773552355235524,0.6808805880588059,0.67524284589131,0.6778262231578894,0.0023255689197218214,18
8.139625390370687,0.2548810585914565,0.15659459431966147,0.01769924007554701,0.01,7,100,0.6,"{'learning_rate': 0.01, 'max_depth': 7, 'n_estimators': 100, 'subsample': 0.6}",0.6741674167416741,0.6776927692769277,0.6757679180887372,0.6758760347024463,0.0014412481919212948,59
9.700456937154135,0.2263633452272862,0.14969833691914877,0.003585036079434641,0.01,7,100,0.8,"{'learning_rate': 0.01, 'max_depth': 7, 'n_estimators': 100, 'subsample': 0.8}",0.6737548754875488,0.6779177917791779,0.6753553613621873,0.6756760095429714,0.0017145610623242836,64
10.464541991551718,0.2447299438489867,0.1733668645222982,0.03584537291751238,0.01,7,100,1.0,"{'learning_rate': 0.01, 'max_depth': 7, 'n_estimators': 100, 'subsample': 1.0}",0.6741299129912991,0.6766051605160516,0.6749803097925965,0.6752384610999824,0.001026870374918244,65
15.800885597864786,0.4237765251994288,0.29182132085164386,0.018026749549651534,0.01,7,200,0.6,"{'learning_rate': 0.01, 'max_depth': 7, 'n_estimators': 200, 'subsample': 0.6}",0.676905190519052,0.6794929492949295,0.6753553613621873,0.6772511670587229,0.0017067870985754744,42
18.951514720916748,0.283915008443067,0.29107435544331867,0.004334641566775745,0.01,7,200,0.8,"{'learning_rate': 0.01, 'max_depth': 7, 'n_estimators': 200, 'subsample': 0.8}",0.6757425742574258,0.67994299429943,0.6748302891647602,0.6768386192405386,0.0022264956624367953,49
22.16697907447815,0.44999055488415485,0.3409488995869954,0.030239185985858535,0.01,7,200,1.0,"{'learning_rate': 0.01, 'max_depth': 7, 'n_estimators': 200, 'subsample': 1.0}",0.6764176417641764,0.6794179417941795,0.6749052994786783,0.6769136276790113,0.0018753642646517164,48
23.568496147791546,0.3110394176315237,0.4789796670277913,0.06150996080674281,0.01,7,300,0.6,"{'learning_rate': 0.01, 'max_depth': 7, 'n_estimators': 300, 'subsample': 0.6}",0.6773177317731773,0.6805055505550555,0.6747177736938829,0.6775136853407052,0.002366909179943528,29
26.316441138585407,0.24174439380763105,0.2591087818145752,0.0032735875158980813,0.01,7,300,0.8,"{'learning_rate': 0.01, 'max_depth': 7, 'n_estimators': 300, 'subsample': 0.8}",0.6775802580258026,0.6794179417941795,0.6748302891647602,0.6772761629949141,0.0018852045871138663,41
25.807271401087444,0.15327259798426915,0.2527159849802653,0.0007886727152843433,0.01,7,300,1.0,"{'learning_rate': 0.01, 'max_depth': 7, 'n_estimators': 300, 'subsample': 1.0}",0.6770552055205521,0.6799054905490549,0.674755278850842,0.6772386583068163,0.0021065629712390837,44
4.1565665404001875,0.04994974117662331,0.04735342661539713,0.00034481922997090046,0.05,3,100,0.6,"{'learning_rate': 0.05, 'max_depth': 3, 'n_estimators': 100, 'subsample': 0.6}",0.6751050105010501,0.6812181218121812,0.6757304129317782,0.6773511817483365,0.0027462339234080495,37
4.478355328241984,0.06862766515208886,0.04828564325968424,0.0005731031969169306,0.05,3,100,0.8,"{'learning_rate': 0.05, 'max_depth': 3, 'n_estimators': 100, 'subsample': 0.8}",0.6754425442544254,0.6815931593159316,0.6760304541874508,0.6776887192526025,0.0027712691049930883,24
4.494528611501058,0.0969752202119004,0.028553167978922527,0.00048062435192137987,0.05,3,100,1.0,"{'learning_rate': 0.05, 'max_depth': 3, 'n_estimators': 100, 'subsample': 1.0}",0.6757050705070508,0.6812556255625563,0.674755278850842,0.6772386583068163,0.002866768854513858,44
4.998844305674235,0.07001625782656203,0.05204566319783529,0.0018165068862021972,0.05,3,200,0.6,"{'learning_rate': 0.05, 'max_depth': 3, 'n_estimators': 200, 'subsample': 0.6}",0.6755175517551755,0.6811056105610561,0.67565540261786,0.6774261883113638,0.0026023530100960073,33
5.70326550801595,0.03114151956648597,0.05401770273844401,0.004165808731235405,0.05,3,200,0.8,"{'learning_rate': 0.05, 'max_depth': 3, 'n_estimators': 200, 'subsample': 0.8}",0.6764176417641764,0.682005700570057,0.6762554851292053,0.6782262758211463,0.0026732766745545156,4
6.130669673283895,0.10049017769548899,0.05425572395324707,0.0036489553806489205,0.05,3,200,1.0,"{'learning_rate': 0.05, 'max_depth': 3, 'n_estimators': 200, 'subsample': 1.0}",0.6758925892589259,0.6815931593159316,0.6745677530660465,0.6773511672136348,0.003047914093436431,38
7.397398074467977,0.09782295776473561,0.07742524147033691,0.001984474012849927,0.05,3,300,0.6,"{'learning_rate': 0.05, 'max_depth': 3, 'n_estimators': 300, 'subsample': 0.6}",0.6764926492649265,0.6820807080708071,0.6753553613621873,0.6779762395659737,0.0029392008237848935,14
8.401760498682657,0.18048069793445015,0.07329456011454265,0.0004510936782622168,0.05,3,300,0.8,"{'learning_rate': 0.05, 'max_depth': 3, 'n_estimators': 300, 'subsample': 0.8}",0.6767176717671767,0.6821932193219322,0.6757679180887372,0.6782262697259487,0.002831727957182424,5
8.999608437220255,0.16116939809759712,0.07311534881591797,0.0008172254638821553,0.05,3,300,1.0,"{'learning_rate': 0.05, 'max_depth': 3, 'n_estimators': 300, 'subsample': 1.0}",0.6761926192619262,0.6812931293129313,0.6747927840078011,0.6774261775275529,0.0027934294057668013,34
3.6760098139444985,0.07239878652208502,0.06233930587768555,0.007731769749892414,0.05,5,100,0.6,"{'learning_rate': 0.05, 'max_depth': 5, 'n_estimators': 100, 'subsample': 0.6}",0.6775052505250525,0.6812556255625563,0.676593031541837,0.6784513025431487,0.0020176234478910134,2
4.341474215189616,0.0873167954923777,0.056808153788248696,0.001944794806521934,0.05,5,100,0.8,"{'learning_rate': 0.05, 'max_depth': 5, 'n_estimators': 100, 'subsample': 0.8}",0.6766801680168016,0.6814431443144314,0.6752803510482691,0.6778012211265008,0.0026378748095690443,20
4.9162360827128095,0.047969166750279624,0.059627691904703774,0.00418179170301225,0.05,5,100,1.0,"{'learning_rate': 0.05, 'max_depth': 5, 'n_estimators': 100, 'subsample': 1.0}",0.6767551755175517,0.6812556255625563,0.6750178149495556,0.6776762053432211,0.0026285347332364317,26
6.98254919052124,0.0500249005005667,0.10268648465474446,0.0010236269752575539,0.05,5,200,0.6,"{'learning_rate': 0.05, 'max_depth': 5, 'n_estimators': 200, 'subsample': 0.6}",0.6771302130213022,0.6811056105610561,0.6762929902861643,0.6781762712895075,0.0020993660793892934,8
8.517988443374634,0.08263923937645473,0.10609904925028484,0.0018853931530888382,0.05,5,200,0.8,"{'learning_rate': 0.05, 'max_depth': 5, 'n_estimators': 200, 'subsample': 0.8}",0.676942694269427,0.681893189318932,0.6758054232456963,0.6782137689446851,0.0026428453181084567,6
9.22983161608378,0.20466502497266761,0.1042629877726237,0.0007103087782518218,0.05,5,200,1.0,"{'learning_rate': 0.05, 'max_depth': 5, 'n_estimators': 200, 'subsample': 1.0}",0.6761926192619262,0.681030603060306,0.6758429284026554,0.6776887169082958,0.0023673787493079697,25
10.464819033940634,0.15153354075934447,0.15544994672139487,0.006202025782461479,0.05,5,300,0.6,"{'learning_rate': 0.05, 'max_depth': 5, 'n_estimators': 300, 'subsample': 0.6}",0.6770927092709271,0.6797554755475548,0.6748677943217193,0.6772386597134004,0.0019980545688393658,43
12.378214915593466,0.11998373870670702,0.15808852513631186,0.0055705216053477434,0.05,5,300,0.8,"{'learning_rate': 0.05, 'max_depth': 5, 'n_estimators': 300, 'subsample': 0.8}",0.6766051605160516,0.6804305430543054,0.6753928665191464,0.6774761900298344,0.0021468683438337884,30
13.80446203549703,0.20796337024269643,0.1563254197438558,0.0027141456577885912,0.05,5,300,1.0,"{'learning_rate': 0.05, 'max_depth': 5, 'n_estimators': 300, 'subsample': 1.0}",0.675967596759676,0.6807680768076808,0.67565540261786,0.677463692061739,0.002340026382679787,31
5.119892040888469,0.08106461508156255,0.09181515375773112,0.0011629223179895362,0.05,7,100,0.6,"{'learning_rate': 0.05, 'max_depth': 7, 'n_estimators': 100, 'subsample': 0.6}",0.6781428142814282,0.6788178817881788,0.6754303716761054,0.6774636892485709,0.001463947698869971,32
5.944979429244995,0.04178928829416063,0.09055503209431966,0.0008295234487813109,0.05,7,100,0.8,"{'learning_rate': 0.05, 'max_depth': 7, 'n_estimators': 100, 'subsample': 0.8}",0.6775802580258026,0.6803555355535553,0.6753928665191464,0.6777762200328348,0.0020307341558198923,21
6.653164227803548,0.15399197181958346,0.09203823407491048,0.003481110134568902,0.05,7,100,1.0,"{'learning_rate': 0.05, 'max_depth': 7, 'n_estimators': 100, 'subsample': 1.0}",0.6763426342634263,0.6799054905490549,0.6758429284026554,0.6773636844050456,0.00180886895455237,35
9.535220384597778,0.12611598661275406,0.17551477750142416,0.0038290090327946042,0.05,7,200,0.6,"{'learning_rate': 0.05, 'max_depth': 7, 'n_estimators': 200, 'subsample': 0.6}",0.6771677167716772,0.6771677167716772,0.6734425983572742,0.6759260106335429,0.0017560376610315125,58
11.609045346577963,0.03667652317500076,0.19605890909830728,0.031297309838033416,0.05,7,200,0.8,"{'learning_rate': 0.05, 'max_depth': 7, 'n_estimators': 200, 'subsample': 0.8}",0.6763801380138014,0.676942694269427,0.673855155083824,0.6757259957890175,0.0013426717378278428,63
12.751187403996786,0.20680547504495816,0.17621517181396484,0.0026558357497024655,0.05,7,200,1.0,"{'learning_rate': 0.05, 'max_depth': 7, 'n_estimators': 200, 'subsample': 1.0}",0.6743174317431743,0.6782178217821783,0.6753553613621873,0.6759635382958465,0.0016493776606277533,57
14.474669853846232,0.19758949120217092,0.2630789279937744,0.006711385061634658,0.05,7,300,0.6,"{'learning_rate': 0.05, 'max_depth': 7, 'n_estimators': 300, 'subsample': 0.6}",0.6736798679867987,0.6736423642364237,0.6725424745902562,0.6732882356044928,0.0005275548948305553,85
17.41372545560201,0.23237565352394576,0.2589687506357829,0.005167576722284765,0.05,7,300,0.8,"{'learning_rate': 0.05, 'max_depth': 7, 'n_estimators': 300, 'subsample': 0.8}",0.6737548754875488,0.6737173717371737,0.6735551138281514,0.6736757870176246,8.669158673628872e-05,83
19.649799664815266,0.2850291543426758,0.2607969443003337,0.007582892840423614,0.05,7,300,1.0,"{'learning_rate': 0.05, 'max_depth': 7, 'n_estimators': 300, 'subsample': 1.0}",0.6733423342334234,0.6760801080108011,0.673817649926865,0.6744133640570298,0.0011944337033877304,77
2.366434176762899,0.012773497139186477,0.030167420705159504,0.0005917481357911434,0.1,3,100,0.6,"{'learning_rate': 0.1, 'max_depth': 3, 'n_estimators': 100, 'subsample': 0.6}",0.6765301530153015,0.6812556255625563,0.6750178149495556,0.6776011978424711,0.002656805484947541,28
2.7618818283081055,0.07940946753373247,0.029395659764607746,0.001346186972523284,0.1,3,100,0.8,"{'learning_rate': 0.1, 'max_depth': 3, 'n_estimators': 100, 'subsample': 0.8}",0.6764551455145514,0.6823432343234324,0.6747177736938829,0.6778387178439557,0.003263190335262093,17
2.9635581970214844,0.06415187946511133,0.029657522837320965,0.0016319044982719111,0.1,3,100,1.0,"{'learning_rate': 0.1, 'max_depth': 3, 'n_estimators': 100, 'subsample': 1.0}",0.6756675667566757,0.6814056405640564,0.6749052994786783,0.6773261689331368,0.0029013593872970127,39
4.700580914815267,0.09298172169384426,0.05015865961710612,0.0011208845990255559,0.1,3,200,0.6,"{'learning_rate': 0.1, 'max_depth': 3, 'n_estimators': 200, 'subsample': 0.6}",0.6767551755175517,0.6817431743174317,0.6753553613621873,0.6779512370657236,0.002741527677294594,15
5.683822234471639,0.03571453109745558,0.053308566411336265,0.0027364934660548184,0.1,3,200,0.8,"{'learning_rate': 0.1, 'max_depth': 3, 'n_estimators': 200, 'subsample': 0.8}",0.6768676867686768,0.6822307230723073,0.6754678768330645,0.6781887622246829,0.002914670088163904,7
6.066671371459961,0.06201240885466008,0.0527945359547933,0.0017888249072063977,0.1,3,200,1.0,"{'learning_rate': 0.1, 'max_depth': 3, 'n_estimators': 200, 'subsample': 1.0}",0.6763801380138014,0.6823057305730573,0.67565540261786,0.6781137570682395,0.002978902677984325,12
7.291235446929932,0.04991281897773522,0.07877286275227864,0.004539987999110174,0.1,3,300,0.6,"{'learning_rate': 0.1, 'max_depth': 3, 'n_estimators': 300, 'subsample': 0.6}",0.6767176717671767,0.6817056705670567,0.6747177736938829,0.6777137053427054,0.002938450594016452,23
8.374590396881104,0.1026831612524751,0.07407657305399577,0.0007998669689606318,0.1,3,300,0.8,"{'learning_rate': 0.1, 'max_depth': 3, 'n_estimators': 300, 'subsample': 0.8}",0.676980198019802,0.6814806480648065,0.6749803097925965,0.677813718625735,0.002718414594780761,19
8.843040068944296,0.20454892183323886,0.07705227533976237,0.0026437948331926938,0.1,3,300,1.0,"{'learning_rate': 0.1, 'max_depth': 3, 'n_estimators': 300, 'subsample': 1.0}",0.676905190519052,0.6825307530753075,0.6750928252634737,0.6781762562859445,0.0031667437188524538,11
3.7035439014434814,0.04804475883425032,0.05604283014933268,0.002266907925309199,0.1,5,100,0.6,"{'learning_rate': 0.1, 'max_depth': 5, 'n_estimators': 100, 'subsample': 0.6}",0.6768676867686768,0.6815556555655565,0.676105464501369,0.6781762689452008,0.0024097629404258238,9
4.267941951751709,0.04222876262414076,0.05612055460611979,0.000925859954735051,0.1,5,100,0.8,"{'learning_rate': 0.1, 'max_depth': 5, 'n_estimators': 100, 'subsample': 0.8}",0.6770177017701771,0.6807680768076808,0.6754678768330645,0.6777512184703075,0.0022250940062176036,22
4.683013995488484,0.09323738217357375,0.059861183166503906,0.004952029813209829,0.1,5,100,1.0,"{'learning_rate': 0.1, 'max_depth': 5, 'n_estimators': 100, 'subsample': 1.0}",0.6766426642664266,0.6816306630663066,0.6759179387165736,0.6780637553497689,0.0025394789195652494,13
7.068024555842082,0.04719660296544341,0.10301597913106282,0.0002566856493813669,0.1,5,200,0.6,"{'learning_rate': 0.1, 'max_depth': 5, 'n_estimators': 200, 'subsample': 0.6}",0.6767926792679267,0.6788178817881788,0.6740801860255785,0.6765635823605614,0.0019409283568202623,52
8.456748723983765,0.12242220156689311,0.1061866283416748,0.0010109226842242608,0.1,5,200,0.8,"{'learning_rate': 0.1, 'max_depth': 5, 'n_estimators': 200, 'subsample': 0.8}",0.6758175817581759,0.678967896789679,0.673367588043356,0.6760510221970703,0.0022922674861977294,56
9.243535359700521,0.04533148368323077,0.10682423909505208,0.004393088904848535,0.1,5,200,1.0,"{'learning_rate': 0.1, 'max_depth': 5, 'n_estimators': 200, 'subsample': 1.0}",0.6756675667566757,0.6805055505550555,0.6749803097925965,0.6770511423681093,0.0024586964669921804,47
10.715596040089926,0.14273064871323016,0.15869760513305664,0.005021895661521672,0.1,5,300,0.6,"{'learning_rate': 0.1, 'max_depth': 5, 'n_estimators': 300, 'subsample': 0.6}",0.6749174917491749,0.6749174917491749,0.672917526159847,0.6742508365527323,0.0009427928202356777,80
12.707237799962362,0.0995967793045931,0.15804648399353027,0.004302247363084312,0.1,5,300,0.8,"{'learning_rate': 0.1, 'max_depth': 5, 'n_estimators': 300, 'subsample': 0.8}",0.6733798379837984,0.6757800780078008,0.6722049281776245,0.6737882813897412,0.0014878493626587696,82
13.881961743036905,0.21548729026311195,0.15505401293436685,0.0007821590864006077,0.1,5,300,1.0,"{'learning_rate': 0.1, 'max_depth': 5, 'n_estimators': 300, 'subsample': 1.0}",0.6742424242424242,0.6772427242724273,0.6722424333345836,0.6745758606164783,0.002054931017078556,72
5.029030879338582,0.09843683064984816,0.09424328804016113,0.006281705607579605,0.1,7,100,0.6,"{'learning_rate': 0.1, 'max_depth': 7, 'n_estimators': 100, 'subsample': 0.6}",0.674992499249925,0.6748799879987999,0.6736301241420696,0.6745008704635982,0.0006174215538560863,75
5.84442925453186,0.09914212961767258,0.09189772605895996,0.0037240130383826603,0.1,7,100,0.8,"{'learning_rate': 0.1, 'max_depth': 7, 'n_estimators': 100, 'subsample': 0.8}",0.6750300030003,0.6777677767776777,0.6725049694332971,0.6751009164037582,0.002149117155036661,68
6.468674182891846,0.06322105473937144,0.09044361114501953,0.0015080337683399184,0.1,7,100,1.0,"{'learning_rate': 0.1, 'max_depth': 7, 'n_estimators': 100, 'subsample': 1.0}",0.6750675067506751,0.6772802280228023,0.6732175674155196,0.6751884340629989,0.0016607769996081162,66
9.727275053660074,0.1507808064860871,0.17473363876342773,0.0035668249267216674,0.1,7,200,0.6,"{'learning_rate': 0.1, 'max_depth': 7, 'n_estimators': 200, 'subsample': 0.6}",0.6697794779477948,0.66996699669967,0.6697670929752841,0.6698378558742496,9.145622442351418e-05,96
11.678617636362711,0.11706726691473945,0.1884922981262207,0.018875126389881976,0.1,7,200,0.8,"{'learning_rate': 0.1, 'max_depth': 7, 'n_estimators': 200, 'subsample': 0.8}",0.6711671167116712,0.6715421542154215,0.6708172373701384,0.6711755027657437,0.0002960054645565133,93
12.941418250401815,0.3310967953238123,0.17732628186543783,0.002379133349381613,0.1,7,200,1.0,"{'learning_rate': 0.1, 'max_depth': 7, 'n_estimators': 200, 'subsample': 1.0}",0.6717671767176717,0.6731173117311731,0.669729587818325,0.6715380254223899,0.001392492026193227,92
14.52269180615743,0.14528648086250037,0.2672460079193115,0.006968033199804558,0.1,7,300,0.6,"{'learning_rate': 0.1, 'max_depth': 7, 'n_estimators': 300, 'subsample': 0.6}",0.6631788178817882,0.6658040804080408,0.6648539174136444,0.6646122719011579,0.0010852941991967716,103
17.50104482968648,0.2079753038373639,0.2611704667409261,0.003070910785056361,0.1,7,300,0.8,"{'learning_rate': 0.1, 'max_depth': 7, 'n_estimators': 300, 'subsample': 0.8}",0.6651290129012901,0.6675667566756676,0.6656790308667442,0.6661249334812339,0.0010439573853325643,101
19.41743763287862,0.13139985110652042,0.2555832068125407,0.00018952305942520478,0.1,7,300,1.0,"{'learning_rate': 0.1, 'max_depth': 7, 'n_estimators': 300, 'subsample': 1.0}",0.6677917791779178,0.6695169516951696,0.6671417319881484,0.6681501542870786,0.0010022447150621202,100
2.3874386151631675,0.024315930430906196,0.02895506223042806,0.000950046161233566,0.2,3,100,0.6,"{'learning_rate': 0.2, 'max_depth': 3, 'n_estimators': 100, 'subsample': 0.6}",0.6775052505250525,0.6831683168316832,0.6749803097925965,0.6785512923831107,0.003423596305508863,1
2.780688762664795,0.05688868446176589,0.02973016103108724,0.001542503550309587,0.2,3,100,0.8,"{'learning_rate': 0.2, 'max_depth': 3, 'n_estimators': 100, 'subsample': 0.8}",0.6766801680168016,0.6824932493249325,0.6744927427521284,0.6778887200312876,0.003376139297497325,16
3.0083159605662027,0.06716222522587338,0.031098206837972004,0.004140790388781779,0.2,3,100,1.0,"{'learning_rate': 0.2, 'max_depth': 3, 'n_estimators': 100, 'subsample': 1.0}",0.6762301230123012,0.6806555655565557,0.6744927427521284,0.6771261437736618,0.0025945116603173506,46
4.8848557472229,0.05198536360081812,0.052500645319620766,0.0015240324085090723,0.2,3,200,0.6,"{'learning_rate': 0.2, 'max_depth': 3, 'n_estimators': 200, 'subsample': 0.6}",0.6764926492649265,0.680993099309931,0.6744177324382102,0.6773011603376893,0.0027445861850214355,40
5.705842733383179,0.1376098891082251,0.0502615769704183,0.0008987133303310139,0.2,3,200,0.8,"{'learning_rate': 0.2, 'max_depth': 3, 'n_estimators': 200, 'subsample': 0.8}",0.6774677467746775,0.6805805580558055,0.6749052994786783,0.6776512014363871,0.002320543282508265,27
6.145384709040324,0.05758469245577204,0.05283856391906738,0.001987605490179531,0.2,3,200,1.0,"{'learning_rate': 0.2, 'max_depth': 3, 'n_estimators': 200, 'subsample': 1.0}",0.6756300630063007,0.680955595559556,0.6755053819900236,0.6773636801852935,0.0025403777121854295,36
7.351986328760783,0.13629850502310611,0.07494052251180013,0.0014862108979819667,0.2,3,300,0.6,"{'learning_rate': 0.2, 'max_depth': 3, 'n_estimators': 300, 'subsample': 0.6}",0.6753675367536753,0.6786303630363036,0.6734425983572742,0.6758134993824177,0.002141243811576592,61
8.51878046989441,0.06430971804009243,0.08355442682902019,0.009715156949337882,0.2,3,300,0.8,"{'learning_rate': 0.2, 'max_depth': 3, 'n_estimators': 300, 'subsample': 0.8}",0.6748424842484249,0.6802430243024302,0.6731425571016014,0.6760760218841521,0.0030271405585225336,55
8.837419112523397,0.11237336833666192,0.0747087796529134,0.0009655874026991263,0.2,3,300,1.0,"{'learning_rate': 0.2, 'max_depth': 3, 'n_estimators': 300, 'subsample': 1.0}",0.6755925592559255,0.6798304830483048,0.6746052582230057,0.6766761001757454,0.002266611172716324,50
3.5807418823242188,0.07285979491631554,0.05797219276428223,0.0025572583038778723,0.2,5,100,0.6,"{'learning_rate': 0.2, 'max_depth': 5, 'n_estimators': 100, 'subsample': 0.6}",0.6742049204920492,0.6760801080108011,0.6746052582230057,0.6749634289086187,0.0008063484514133707,71
4.254523754119873,0.04742128618891666,0.05475123723347982,0.0009011933267703168,0.2,5,100,0.8,"{'learning_rate': 0.2, 'max_depth': 5, 'n_estimators': 100, 'subsample': 0.8}",0.6764176417641764,0.6791929192919292,0.6731425571016014,0.6762510393859023,0.002472857715663098,53
4.626327355702718,0.0787916149627329,0.054243246714274086,0.0014165358038907172,0.2,5,100,1.0,"{'learning_rate': 0.2, 'max_depth': 5, 'n_estimators': 100, 'subsample': 1.0}",0.6750675067506751,0.6789303930393039,0.6732175674155196,0.6757384890684995,0.0023800220034089865,62
7.124207019805908,0.027618836219198334,0.10396305720011394,0.0014045823815375372,0.2,5,200,0.6,"{'learning_rate': 0.2, 'max_depth': 5, 'n_estimators': 200, 'subsample': 0.6}",0.670979597959796,0.6742049204920492,0.6703671754866294,0.6718505646461582,0.001683450604803648,90
8.284391323725382,0.10876226054277106,0.10397632916768391,0.0010494972694601401,0.2,5,200,0.8,"{'learning_rate': 0.2, 'max_depth': 5, 'n_estimators': 200, 'subsample': 0.8}",0.671992199219922,0.6741674167416741,0.6716798559801973,0.6726131573139312,0.0011063999733057271,89
9.120691617329916,0.11421453008952925,0.10543656349182129,0.002189890314273529,0.2,5,200,1.0,"{'learning_rate': 0.2, 'max_depth': 5, 'n_estimators': 200, 'subsample': 1.0}",0.6727047704770477,0.6754425442544254,0.670629711585343,0.6729256754389388,0.001971029989081467,87
10.585230747858683,0.08299322360303871,0.15847555796305338,0.006796806032645768,0.2,5,300,0.6,"{'learning_rate': 0.2, 'max_depth': 5, 'n_estimators': 300, 'subsample': 0.6}",0.6675292529252925,0.6704545454545454,0.6679668454412482,0.6686502146070287,0.0012883009891533808,99
12.384190082550049,0.0455358586068899,0.15472094217936197,0.00359092699223,0.2,5,300,0.8,"{'learning_rate': 0.2, 'max_depth': 5, 'n_estimators': 300, 'subsample': 0.8}",0.6693294329432943,0.6723672367236724,0.6695420620335296,0.670412910566832,0.0013846409469572905,95
13.930323362350464,0.053562447120544816,0.1579418977101644,0.0027927594954091557,0.2,5,300,1.0,"{'learning_rate': 0.2, 'max_depth': 5, 'n_estimators': 300, 'subsample': 1.0}",0.6700795079507951,0.6725922592259226,0.670179649701834,0.6709504722928505,0.0011616383093946416,94
5.048315525054932,0.11343901234231096,0.09361569086710612,0.003379388064804904,0.2,7,100,0.6,"{'learning_rate': 0.2, 'max_depth': 7, 'n_estimators': 100, 'subsample': 0.6}",0.6676042604260426,0.671017101710171,0.668829464051307,0.6691502753958402,0.0014116329425524084,97
5.783271869023641,0.09830867362433081,0.09085591634114583,6.428917185063289e-05,0.2,7,100,0.8,"{'learning_rate': 0.2, 'max_depth': 7, 'n_estimators': 100, 'subsample': 0.8}",0.6687293729372937,0.6696294629462947,0.6679668454412482,0.668775227108279,0.0006795347407205889,98
6.43117356300354,0.09710580589449182,0.09442488352457683,0.00038626705723060825,0.2,7,100,1.0,"{'learning_rate': 0.2, 'max_depth': 7, 'n_estimators': 100, 'subsample': 1.0}",0.6704170417041704,0.6734173417341734,0.6709672579979747,0.6716005471454395,0.0013041578191133165,91
10.306089401245117,0.1420815109811257,0.20033963521321616,0.00838510364703323,0.2,7,200,0.6,"{'learning_rate': 0.2, 'max_depth': 7, 'n_estimators': 200, 'subsample': 0.6}",0.6584158415841584,0.6610411041104111,0.6597532160672093,0.6597367205872596,0.0010718224071118753,104
12.355389992396036,0.17028976345041733,0.21021795272827148,0.01790769893207241,0.2,7,200,0.8,"{'learning_rate': 0.2, 'max_depth': 7, 'n_estimators': 200, 'subsample': 0.8}",0.6583408340834084,0.661003600360036,0.6597532160672093,0.6596992168368846,0.0010877401646358729,106
14.289809624354044,0.2175621616630496,0.19220479329427084,0.002790982065482929,0.2,7,200,1.0,"{'learning_rate': 0.2, 'max_depth': 7, 'n_estimators': 200, 'subsample': 1.0}",0.664003900390039,0.665016501650165,0.6650789483553988,0.664699783465201,0.000492723613175641,102
15.962163607279459,0.04990558225966737,0.2249778906504313,0.012095269289662225,0.2,7,300,0.6,"{'learning_rate': 0.2, 'max_depth': 7, 'n_estimators': 300, 'subsample': 0.6}",0.650990099009901,0.6547404740474048,0.6527772568728201,0.6528359433100419,0.0015316464570124448,108
16.935309489568073,0.11064765775232425,0.20688041051228842,0.012705962163935929,0.2,7,300,0.8,"{'learning_rate': 0.2, 'max_depth': 7, 'n_estimators': 300, 'subsample': 0.8}",0.6547404740474048,0.6542529252925292,0.6542774631511833,0.6544236208303724,0.0002242728955010546,107
17.65169095993042,0.05047846454737582,0.18425559997558594,0.021319389012643245,0.2,7,300,1.0,"{'learning_rate': 0.2, 'max_depth': 7, 'n_estimators': 300, 'subsample': 1.0}",0.6581533153315332,0.6608535853585359,0.660090762479841,0.6596992210566367,0.0011366157571920553,105
